,userQuery,generated_message
984d8981-44f6-48e2-b4e2-4dadfb495406,"""How can I find the average hydrophobicity of PF00063""",AI: query
b5fda785-38aa-49a4-820e-d7e64536d57c,"""What specific details are you looking to retrieve from the protein database?""",AI: conversation
250be867-86d3-46c7-8a03-f29ff5e4205a,"""What kind of information is stored in the gene_aliases table?""",AI: query
4404e737-ce2d-4ec9-828a-6ad2d7f0957a,"""How can you help me?""",AI: conversation
6781a6cb-2a84-45f6-a009-05c6d40ed2be,"""Can you provide more details about the codon_usage table?""",AI: query
00b267e4-f13a-46a4-a60f-5ace2bba9b7b,"""How can you help me?""",AI: conversation
ed8cdaeb-9a5b-4829-b80a-412a4f185d3a,"""What are protein families? """,AI: conversation
cc14c7ed-0fc4-4a2b-acef-1cc976acf5f1,"""Can you explain the significance of codon usage in protein synthesis?""",AI: conversation
52d67223-95c9-42eb-af0e-974469185436,"""How is the data on protein families organized within the database?""",AI: query
691c8126-e3fe-4629-b2bb-3b4618f2e210,"""Can you provide more details about the codon_usage table?""",AI: query
a3df896a-7dc6-482b-a9d6-086cd00015d7,"""What are the main protein families available in the database""",AI: query
58c35f34-3eb5-4e55-9105-2f8476977519,"""how much protein is in chikpeas?""",AI: query
9088432d-9785-4aef-b442-0c6098ef35fc,"""How can you help me?""",AI: conversation
3a84785e-e70b-4d13-a8f4-6aaa152321b8,"""What are the main protein families available in the database""",AI: query
acbe3000-2e97-44a7-9554-92059a5b4c52,"""you are amazing !""",AI: conversation
c11a5b02-cd9f-4f7b-9635-048cc0b062ed,"""Give me the average hydrophobicity of proteins with the pfam domain PF10584 along with the SQL query in the output""",AI: query
78b1c849-e815-42ae-9070-997c8523248a,"""Give me the average hydrophobicity of proteins with the pfam domain PF10584 along with the SQL query in the output""",AI: query
1b8f2c51-ab79-407a-8c39-3d257769ddba,"""can you tell me what query you ran to get this ?""",AI: conversation
bedfe7e7-9971-4943-b90c-58a8f93b2a8b,"""give me the average hydrophobicity of proteins with the pfam domain PF10584""",AI: query
105125d0-8606-42d6-b14a-bbf76d9f3d3c,"""give me one pfam domain form the DB""",AI: query
414f7132-a99e-4fd1-83d4-3a499c8abb7d,"""I'd like to run some queries that involve joins""",AI: query
2d503708-484a-4ec0-b4c8-a08463a8f2ac,"""can you show me the query ?""",AI: conversation
2ce536c2-056c-488c-92e8-f894bfdd730b,"""how did you get this ?""",AI: conversation
41c0c405-4d17-4b2f-9ed7-069811c6f60b,"""Get me the codon frequency and abundance for amino acid ""V"".""",AI: query
ea8feadd-7871-42f9-8eb9-a1c46aa9bcf7,"""what are the amino acids in the db ?""",AI: query
b49789fd-9a1e-4e16-811b-e8c4e15654ca,"""can you query infromation across these tables ? if so what are some questions that you can help answer ?""",AI: conversation
4cc9e637-ed03-4fae-9266-24c53e4c095d,"""what are the tables in the db ?""",AI: query
6b1b091c-2c5d-441a-a17f-b1f941707412,"""How can you help me?""",AI: conversation
a5d9bd79-ec33-46eb-9e14-82ca324c2280,"""whats the query that you ran to get this """,AI: query
09f71d96-a248-42c6-aec5-a7cbff1b9150,"""Give me the average hydrophobicity of proteins which have the pfam domain PF01918""",AI: query
fc58c634-e7de-487e-8476-9ef60c22551e,"""what are some Pfam domains in the database """,AI: query
38beaed2-1a88-4c8e-af26-46ada0bf856a,"""Whats the sql query behind this ?""",AI: conversation
5822f844-3efb-440b-a5e2-266ae50b4fd6,"""How can I find the average hydrophobicity of PF00063""",AI: query
22586868-988b-4d98-85b7-78e43796c9be,"""List 5 proteins and their corresponding gene symbols and aliases.""",AI: query
09949b70-a8fd-4c47-a1ec-bf37c29bb8a4,"""Find the average hydrophobicity of proteins for each gene type in the gene_annotations table.""",AI: query
95091e0c-893b-46c2-a797-752e130eb8ac,"""I want to run queries that involve joins, give me some prompts that I can use to test such queries""",AI: query
fbb76590-499f-4b05-8e7b-577cd1d1296c,"""can you tell me what query you ran to get this data ?""",AI: conversation
3eaff997-f668-4481-8c17-3273bff0bad0,"""give me the average hydrophobicity of protiens with the pfam domain of PF10584""",AI: query
038d0f08-3d4d-40b3-8f1d-c01b4d92f09e,"""give me one pfam domain """,AI: query
07d5a80e-8b37-4411-95f6-01515595fad0,"""given these tables, can you tell me some questions that I can have answered by querynig data across the tables ? """,AI: conversation
94a2b3af-8cbb-46e5-94f6-9444b452e8de,"""tell me what each table talks about """,AI: conversation
a3668e0e-e8ce-4f22-949d-6e6969fd03e8,"""can you give me a UML diagram representation of all these tables ? """,AI: conversation
c65878f4-833d-4471-a1e9-01d353ca86ee,"""what are the tables in the DB""",AI: query
3eb23dc3-fa73-4685-964d-7c478d308219,"""How can I find the average hydrophobicity of PF00063""",AI: query
08a8a45a-465b-45be-8a95-f591da9734c2,"""How can I find the average hydrophobicity of PF00063""",AI: query
